industry,stock_A,stock_B,corr,coint_p,adf_p,alpha,hedge_ratio,spread_std,n_obs,passes_filter,score
Banks,PNC,TFC,0.8209404317832217,9.044426941943751e-05,1.1853117797763507e-05,0.9932182801123339,1.1213828159107413,0.03276716000537439,752,True,4.547194946319555
Energy,COP,OXY,0.7983401722064029,0.018097499945263128,0.0040931520070288194,2.149585512663151,0.6335214655744741,0.048108173836156815,752,True,4.369448767980972
Banks,USB,PNC,0.8284041993234937,0.05030197438460366,0.013546357381460294,-0.21363527694679973,0.7778013484893762,0.04498882009913105,752,True,4.364216494511136
Banks,USB,TFC,0.8157495623695067,0.08551649913397524,0.025686841987112158,0.5385407947721212,0.8777375904641245,0.048886492358553225,752,True,4.145206337618709
Semiconductors,MU,LRCX,0.7423572280923054,0.011560073624272561,0.002444596343539599,-1.3446334307415135,1.3434089466297396,0.09622523386616802,752,True,4.142884867977708
Banks,GS,MS,0.8461330308017616,0.12985139200262108,0.043017601897505246,0.31164606550511564,1.2548356606755497,0.05874280249411045,752,False,4.072689087061788
Banks,JPM,WFC,0.7383958796900238,0.029657914464204203,0.007263125193666841,1.1885071170868464,1.0163365985261175,0.04556031026839002,752,True,4.0469191962534286
Energy,COP,HAL,0.7301416831061688,0.03499020266739714,0.008809429427853444,3.047364923120785,0.47229722304923216,0.05075295630700108,752,True,3.9859900875593475
Energy,PSX,MPC,0.8232187502524727,0.13147346534938692,0.04371217243572302,0.8569553651657458,0.7855036083900089,0.05412578339931159,752,False,3.9606416923790295
Banks,BAC,TFC,0.7580552583500334,0.07550191990298054,0.022068293111906733,-0.7657296625777121,1.2096257338743355,0.0647955383642488,752,True,3.929547308392989
Energy,SLB,HAL,0.8049063200215952,0.12295631056861933,0.04017832326754366,1.1459984932170606,0.7742243040045595,0.05216502850844324,752,False,3.918606165774904
Energy,EOG,OXY,0.7761747425424071,0.11898857020660603,0.038659198424959,3.6894106078986866,0.27973005333192713,0.06102958502501712,752,False,3.806776132041678
Banks,BAC,GS,0.7364883416567095,0.0827743388525316,0.02462102281151799,-0.0991892972407804,0.6050272697515275,0.0519149719642334,752,True,3.7980270419565585
Banks,GS,BK,0.6540886932823061,0.026349633392734533,0.006312671660443224,2.1030314677748905,0.9728678560456432,0.04844213392446729,752,True,3.6783051160450904
Energy,COP,SLB,0.6589245878825645,0.037803817228134175,0.009649969566830695,2.5290345743853493,0.5623786505745301,0.05685056795263234,752,True,3.649916897775162
Banks,JPM,BAC,0.7454132375868312,0.1413115353649329,0.047854564158323155,0.8156096938284918,1.2404216726806663,0.05515641344178719,752,False,3.5592922782371326
Banks,BAC,WFC,0.8099710939440146,0.20055305592177858,0.07487536944236768,0.394057054978429,0.7967613395825763,0.044368831641682156,752,False,3.557569988543603
Payments,V,MA,0.8508700469845865,0.23816363758542614,0.09428015615563318,-0.6693825639097213,1.0269220941810495,0.030134686760054687,752,False,3.548103988489931
Banks,MS,BK,0.6588844558156746,0.06607723592641605,0.018761586781152785,1.5337084695951297,0.7504768915773186,0.06372961245793254,752,True,3.522318723018373
Semiconductors,MU,AMAT,0.657688131645978,0.09255757883452292,0.028271616823465198,-4.883572014316375,1.840416840268512,0.18234914050921744,752,True,3.3940856528025334
Energy,EOG,HAL,0.6999129667646377,0.1470647326271659,0.05038213094334538,4.248480419415927,0.16097781885425277,0.06761439400605655,752,False,3.324212651459605
Banks,JPM,GS,0.766367956614305,0.20785820787391895,0.07833754568481834,0.5431837831997086,0.7743415027416223,0.05267003108818026,752,False,3.322576984114787
Banks,TFC,BK,0.6210331328815123,0.08750646073702234,0.02640676381731278,1.8093363193163263,0.43833303775899557,0.07194050065853119,752,True,3.251119837939296
Banks,C,GS,0.778543233922954,0.23237603907669518,0.09118231655100029,-1.5585877318048986,0.923936719949884,0.05460283654185466,752,False,3.2498857549802684
Energy,CVX,VLO,0.5989615880430693,0.07365601096082772,0.021395404964882837,3.5474430648568855,0.3017745375725651,0.0548530485643185,752,True,3.215181414165576
Banks,USB,BK,0.6294542834415924,0.10883185033236509,0.03452706141833342,2.102870664900255,0.39030558815897143,0.07638563525613545,752,False,3.188859265899864
Banks,BAC,BK,0.6645157948118371,0.14630162180476908,0.05004163217386886,1.1764900150870545,0.5878426604285285,0.06056356647434367,752,False,3.167133425385316
Banks,BAC,PNC,0.7878079529184387,0.2632628275164195,0.10727072028985712,-1.777582948950343,1.0670747662543514,0.06241465735382089,752,False,3.131042869830233
Energy,PSX,VLO,0.8239076129608834,0.29563279449956065,0.1250761416296295,1.4712501577892922,0.6797173720121519,0.07145131286564395,752,False,3.1230674301147596
Energy,EOG,SLB,0.6221663169388348,0.12616975285340443,0.041563235480187054,4.015447570510577,0.20653890695949162,0.06686690286183523,752,False,3.072470029517354
Retail,DG,DLTR,0.494157110378342,0.0012411895509935628,0.00020167327477524447,0.20337198632013065,0.9793564804159807,0.09158096702673385,752,False,3.057666255855809
Banks,C,MS,0.7588910483512858,0.2754158904508297,0.11387761076581981,-1.2728746322821713,1.1598585433689,0.07645650431353591,752,False,2.93532980135493
Banks,GS,TFC,0.6637213566037696,0.19259903823866292,0.07099642601477445,-0.6132629423640523,1.8667036857757608,0.13837057454339355,752,False,2.9334847657713894
Banks,WFC,GS,0.706244875165384,0.24049060357134067,0.09526625428824503,-0.49074614972984776,0.738870059797998,0.06978982902617885,752,False,2.879567199036757
Autos,F,GM,0.6709370006763852,0.21139067875798873,0.08009110359212313,2.1065415873698523,0.09051977401632794,0.11138771287320227,752,False,2.8708145959229587
Banks,JPM,BK,0.6073199479462412,0.16099489198847816,0.05654257882679844,2.131117225048545,0.7628106624959958,0.04872054645863308,752,False,2.834744410433862
Semiconductors,MU,KLAC,0.6539903515408365,0.2103122513943565,0.07954124856240269,-4.759301002696972,1.4368290450656147,0.17044936518563808,752,False,2.799382130325694
Energy,XOM,VLO,0.586678934662016,0.15223247205929602,0.05235122160370699,2.2678834085043604,0.49620689363944326,0.05455836272852101,752,False,2.785283555851368
Energy,EOG,PSX,0.6284306909676255,0.1972500610134436,0.07328498656502534,3.9281652048639053,0.179315834698901,0.07128348080976123,752,False,2.7493551719706186
Airlines,AAL,JBLU,0.5604192932698394,0.13582367002852974,0.045524951989061355,1.6674170522956402,0.5287823155064477,0.11996184797484095,752,False,2.7453544636053864
Energy,MPC,VLO,0.8675508655411435,0.4103759669050887,0.19695605543329014,0.876834081041558,0.8462923720031332,0.06799060571885128,752,False,2.680547293450937
Payments,PYPL,FIS,0.43171987099872994,0.024046286208924624,0.00567242001983061,1.1697935998404674,0.7143894799489066,0.1019281292059883,752,False,2.6778242675254633
Energy,OXY,HAL,0.6746365339837029,0.25178664144698404,0.10117052811289345,1.759531451750414,0.6453850949767683,0.08342443740068083,752,False,2.6769977523911677
Energy,EOG,VLO,0.5669455959498778,0.16587126137902608,0.05868182448522499,4.353063517684397,0.08953972217259043,0.07399768578518182,752,False,2.6272846508285226
Energy,EOG,MPC,0.5687285771915266,0.17902938170253263,0.0647007460408281,4.24890935748877,0.10803804842685771,0.07355389364496598,752,False,2.569783289136174
HealthCare,PFE,BIIB,0.44181821619818534,0.0648944722432532,0.018373326000083928,1.041079837474559,0.4361314922282018,0.06518964956154129,752,False,2.5412711143327735
Banks,WFC,TFC,0.692597148373934,0.2929073956448592,0.12365205359461429,-1.135480315818782,1.4312684119359247,0.10504144466510672,752,False,2.5405773364379427
Airlines,DAL,UAL,0.8767677128207303,0.450905282789272,0.22620823734739032,1.6860428149183395,0.531148418268764,0.0891690008347234,752,False,2.4823763214883434
Airlines,LUV,CPA,0.40024419809892164,0.04816470720238472,0.012857644387213,-0.8443465007422546,0.9274819884523797,0.10184237339785135,752,False,2.428182517344493
Semiconductors,AMD,LRCX,0.6055354666186307,0.24093489454859107,0.0957340370904563,2.20433880767062,0.612732159887436,0.14639226218162918,752,False,2.418765468365081
HealthCare,PFE,ABBV,0.3784264915327785,0.03228982292973599,0.008004373505233106,6.429541438606108,-0.5966394856796073,0.09483954205761996,752,False,2.3996471009893243
Banks,BAC,C,0.8073550214751616,0.4142402772956329,0.19972383082230294,0.994721741420598,0.6375017587106493,0.0616834632789728,752,False,2.3841896916651644
Banks,PNC,BK,0.6261407162956212,0.2879234242390427,0.12079487347339973,2.9445442363848393,0.5096945122134846,0.0727702882031405,752,False,2.265478950626272
Energy,SLB,OXY,0.5811336587695103,0.2508967655777994,0.10077548579368867,0.1567583214389643,0.9168825350741328,0.09033904661012782,752,False,2.256491584028684
Banks,C,TFC,0.679309051886083,0.3387123416345224,0.15026887746612716,-2.116108346785925,1.722246920400143,0.1399132071139482,752,False,2.2317355443445868
Semiconductors,AMAT,LRCX,0.9031439929915214,0.5120692133951454,0.27324029579592185,2.244444952257716,0.6592958632023365,0.09270124381252443,752,False,2.22972810522772
Autos,HMC,STLA,0.37376877065846187,0.06630934961840113,0.018844371472270773,3.039750957409634,0.1440570344945864,0.076144368278622,752,False,2.2256078366299477
HealthCare,LLY,AMGN,0.3231340437485135,0.014887594925330259,0.003262388511675065,-3.04002588411786,1.7011407956897564,0.11750392154803597,752,False,2.2237374141094337
Energy,XOM,CVX,0.804890936607466,0.4396308038182586,0.21779082388164667,-0.8954347394460598,1.11567130106293,0.06085618947381043,752,False,2.223521813514883
Banks,GS,USB,0.6425770470634682,0.3097540791690353,0.13323698595137884,-1.0523096013224347,1.9394702976930773,0.16543335830973827,752,False,2.2226181176185973
Airlines,CPA,RYAAY,0.3957932670966714,0.08976940930546345,0.027258755577686505,2.454012684991625,0.5567625666136014,0.08310221535785223,752,False,2.216940679590111
Semiconductors,AMD,AMAT,0.5900143030664625,0.27031000075723133,0.11133550937815673,0.4100052988297236,0.8737783598346258,0.14774709308443568,752,False,2.194101020779003
Autos,TSLA,STLA,0.32165325327519867,0.0252392442375892,0.006002594538282674,7.348478293799694,-0.64676023191205,0.19607407332691631,752,False,2.1724705083874944
Banks,WFC,BK,0.580070593351188,0.26618440868665255,0.10916535975506086,1.0386206830483147,0.7245525977030387,0.07149521676761568,752,False,2.1704870223740436
HealthCare,PFE,AMGN,0.4352619628705734,0.14112901269652894,0.04773671190590295,6.503385422096041,-0.559013752160209,0.11432371545530676,752,False,2.15091963516392
Semiconductors,TXN,AMAT,0.5254087493513339,0.2228739149885396,0.08717785375180986,4.020954659159326,0.2260839757521138,0.08980371751546928,752,False,2.145742413035003
Payments,MA,AXP,0.5423558317691685,0.24403387710984198,0.09718592796647668,3.6564015821285523,0.45818205352337404,0.04989943778193941,752,False,2.116088918571304
Autos,RIVN,NIO,0.34826423066703305,0.07356037255190641,0.02137786225847252,1.8598783822395726,0.4683781715274191,0.18816264547345737,752,False,2.0763342195221735
Autos,TM,STLA,0.3948817797405531,0.12121916037606134,0.039388335351293866,5.228950361225186,0.008382677187559473,0.12436350040856509,752,False,2.0639973556658333
Banks,JPM,TFC,0.6344282326945823,0.33426430348169966,0.1478464118294719,-0.03633702872839706,1.473874290808749,0.108724766437984,752,False,2.0513379359905244
Autos,F,STLA,0.48630516521570005,0.21187860491264254,0.08038434694784846,2.337935985045597,0.04485699211268557,0.11308673877362821,752,False,2.029120562190288
Beverages,PEP,STZ,0.42790834911844017,0.16252482993227774,0.05667004085002127,3.3657024168228133,0.3213785962737923,0.06577013892002335,752,False,2.0138549904596044
Retail,WMT,TJX,0.399201428521878,0.13782294442130266,0.04602439655274458,-2.4978770544459934,1.4468371785172982,0.06551976340592978,752,False,2.0042441733930025
Airlines,JBLU,CPA,0.36212571847452646,0.10541698511258246,0.033217203658316166,2.3309675946251573,-0.1331216060468936,0.2016830566982256,752,False,1.9901833982140171
Energy,CVX,PSX,0.6491914301385306,0.35910742328639794,0.1632434350753696,3.673824308154103,0.2834439399096542,0.06644190640651146,752,False,1.9802632698027036
Airlines,LUV,RYAAY,0.38461488022153767,0.13682547213745638,0.04599623494638431,1.3821554120951838,0.5290282150700119,0.12600865385209933,752,False,1.9414145340932598
Airlines,DAL,LUV,0.6124968702804284,0.33680846054504926,0.14938835266045464,0.5796576887767095,0.9639674470839168,0.15475873740471338,752,False,1.93765089193653
Banks,BAC,MS,0.7639890847828935,0.4582511901802262,0.23063305507161624,0.12255444451232478,0.7522118917895471,0.06892399254267895,752,False,1.929482420826426
Banks,WFC,MS,0.7108740588777462,0.41741297782606135,0.20184648092115687,-0.23801941962786444,0.9224246959487958,0.08608441758205332,752,False,1.9275573840597435
Communication,META,NFLX,0.3044884369917259,0.06321171149624029,0.017799881447981218,2.7941330066412426,0.7999415279956805,0.1020379341687922,752,False,1.924904344716316
Beverages,KO,TAP,0.3661848430475398,0.12533447893156463,0.04116996552388834,6.142357761486238,-0.48752532390811965,0.06653444103784355,752,False,1.9134307569386246
Communication,META,DIS,0.26180814389298945,0.026521941611045274,0.0063473430085209705,-3.467921453045143,2.099227374859243,0.2161732876330804,752,False,1.8949822186151928
Banks,C,BK,0.6639817855196518,0.38738961840237474,0.18002301686236283,0.3839936561210848,0.8989821352987741,0.07041994059011548,752,False,1.8928412170654325
Semiconductors,TXN,KLAC,0.5394099707925222,0.2837295309885883,0.12060202101167711,4.065888031726914,0.17203210343841846,0.09057652320888626,752,False,1.8861445649883475
Payments,AXP,GPN,0.5335108546678976,0.2917807976769743,0.12058884432297595,9.847461678460618,-0.9437752155576753,0.21102010868916835,752,False,1.8323004604212525
Beverages,MNST,KDP,0.36580241804173835,0.14191417716850524,0.04817646706583133,7.717025589946928,-1.0550768032599898,0.10657861451848291,752,False,1.8310777601337664
Banks,BAC,USB,0.7712378298083733,0.4846219492473172,0.25142301717326276,-1.0308865475970634,1.2516495466007695,0.08928834583699691,752,False,1.799999992873493
Airlines,JBLU,RYAAY,0.3159420176255078,0.10247283064712653,0.03207236887464047,3.0682682314708636,-0.3455518243374116,0.19249472517352942,752,False,1.7942762271493229
Semiconductors,AMD,MU,0.5082810309032083,0.27806400967248757,0.11546788907960842,2.9176379765036415,0.43513338429016724,0.1583175575247809,752,False,1.7819489936941295
Semiconductors,NVDA,AVGO,0.6184770360846665,0.37225385839773584,0.17161831523380616,-0.6658120054447139,1.0253501882372493,0.1652456036632864,752,False,1.7667717031360182
Retail,LOW,TJX,0.438060967755766,0.22325941996298826,0.08605986359135354,4.163677500575432,0.2734930653139962,0.07071700134482156,752,False,1.7514795545057704
Autos,GM,LCID,0.23941472566523084,0.038794409165652195,0.00996083988251745,5.37454904489024,-0.45508008127432964,0.13011810105755126,752,False,1.7391252974208706
Energy,CVX,MPC,0.5983204291452979,0.3642226388419323,0.16652058071747333,3.932364493419108,0.21957417949045333,0.06847570030577364,752,False,1.720266095614104
Beverages,KDP,TAP,0.3235101772103573,0.13133367549994757,0.04359464528482894,2.0513715413702585,0.34886403013933354,0.0796891620370138,752,False,1.6907286604429772
HealthCare,MRK,REGN,0.35485927038685633,0.16055892148529888,0.056244840841632913,0.4485974829925823,0.6310094817712324,0.0783163742921606,752,False,1.6900225678496206
Banks,MS,USB,0.6702609053749269,0.4285286247186531,0.20960659435163964,-0.8545611073414747,1.4839827010608708,0.14090820418905653,752,False,1.678094528210983
Beverages,KDP,FIZZ,0.3225223431195417,0.13416781535167033,0.04483757477497351,1.7848140923732174,0.4411871499827722,0.06781609452058701,752,False,1.6722989222194427
Autos,RIVN,LCID,0.5314640881006079,0.3201604417911307,0.13950985430472257,2.315596649737172,0.10840844695576268,0.23277950483355261,752,False,1.660445814580384
Banks,JPM,MS,0.7077328337508971,0.4660415406249236,0.23635553329031417,0.8379302648808817,0.9604065839673801,0.08045698956578043,752,False,1.6273441580555659
Autos,GM,STLA,0.48351050336636675,0.2703982000004751,0.13788830300486232,5.357243160556012,-0.5599046116339763,0.19256190354323177,752,False,1.6156781628014225
Banks,GS,PNC,0.6907838361232163,0.45521100091238875,0.2290659980909288,-2.276945428539591,1.6666599053412732,0.1261596296150828,752,False,1.6126027162798877
HealthCare,PFE,GILD,0.3006634149630647,0.127531148375912,0.041985096388573326,4.716885286571884,-0.3064338561715845,0.1119813515549664,752,False,1.6054055371974796
Autos,F,TM,0.34041036155853566,0.166112711963409,0.058650491754245214,0.9618776601660102,0.2847159961769399,0.10869441487725132,752,False,1.5971511053511598
Banks,C,USB,0.677531034135183,0.4497670633904713,0.22499850412756944,-2.529733941962256,1.791650549692302,0.16239213585708917,752,False,1.5851134653908212
Communication,META,SNAP,0.35016416119035115,0.17850643782256392,0.06414738176246276,7.193421185612928,-0.425029477702739,0.2977459316506259,752,False,1.5802934131695183
Banks,JPM,PNC,0.679249166483301,0.45191342683446317,0.2266478445011264,-1.3526677008340258,1.3164651777657799,0.09876061306150019,752,False,1.5798529492764581
Retail,COST,KR,0.24138235597276647,0.08342792936490157,0.024867885532080133,1.8425821993131777,1.1982067813986461,0.11393939315274702,752,False,1.5450684551217457
HealthCare,PFE,REGN,0.3352806059364874,0.17252180506857967,0.06146195350467987,1.5783008282329725,0.26311512378601964,0.12102772409218328,752,False,1.5423121709844065
Banks,MS,TFC,0.6614362988703809,0.4459902635853164,0.2222814336895494,-0.4563228002340054,1.4113922336310605,0.1282609228900569,752,False,1.5343135500178706
HealthCare,ABBV,LLY,0.23925136420649096,0.0860867574626884,0.025866400372344684,1.5462399089290813,0.5514266625350652,0.08496468124903638,752,False,1.522900262295443
Banks,WFC,PNC,0.7201132302974032,0.49191509650030474,0.2573313303562298,-2.3712025825291754,1.2701042309944146,0.09943728291695002,752,False,1.522194877125815
Semiconductors,TXN,MU,0.4546370098140667,0.28147137559534297,0.11933488074913756,4.719162289972964,0.10223499310726458,0.09456721132139125,752,False,1.5130042106100654
Payments,V,GPN,0.5209478749702913,0.345084581338965,0.15275967355643366,7.731688762807316,-0.4468591399568016,0.11530841379447142,752,False,1.4818358729878351
Banks,JPM,USB,0.626407655067671,0.4310863933868453,0.21155495592151574,-0.3259252014726428,1.5161984841447431,0.13453258722108408,752,False,1.4633021694509571
HealthCare,PFE,MRK,0.4144801428776865,0.25869165803493954,0.10465325735872427,1.3161209449317788,0.4331455146559291,0.11513496367736968,752,False,1.4592060765597084
Communication,CMCSA,T,0.2959474227743014,0.15831566097255567,0.05532172710535256,4.970802578427659,-0.4646017333059884,0.08856091987572554,752,False,1.433131645163165
Autos,F,HMC,0.33926775898261896,0.1985563250399932,0.0739175955091575,1.1743442083894777,0.3748143632255969,0.10884944775751285,752,False,1.4286897656251414
Beverages,PEP,MNST,0.4361780597795324,0.28763223338669336,0.12054178375206304,6.084340846067306,-0.24753662388933506,0.09271215170671603,752,False,1.404118319686567
Autos,TSLA,HMC,0.23716588571989491,0.11141600292814824,0.03502404414445534,10.89053178143552,-1.536629888942433,0.2760770854601741,752,False,1.3957482792470541
Communication,NFLX,DIS,0.20077947634024554,0.07892525810509043,0.02323678917787821,-6.637522153813634,2.366374968949435,0.27172795176149483,752,False,1.381488744864728
Beverages,KDP,STZ,0.360723506587181,0.2312801917642635,0.09051979302081886,2.1793941948164886,0.23924425800022675,0.07266540481602443,752,False,1.3572444471450926
Airlines,AAL,ALK,0.667241167961172,0.47984396604642154,0.24778704648379496,1.1347519020262782,0.376355099625751,0.14346941762143006,752,False,1.3563778482884794
Beverages,TAP,FIZZ,0.28537189637310045,0.16719322452307722,0.059285457123254455,1.3296385914951259,0.710719094248276,0.08175239534376738,752,False,1.3411565320039758
Semiconductors,QCOM,TXN,0.5357195587634624,0.38191647867426515,0.1771374560866263,1.4969452235757217,0.6755185690154999,0.15077025449024,752,False,1.3386280834525737
Beverages,KO,FIZZ,0.3050436363604439,0.18666436354719534,0.06821282158612248,5.829063942762467,-0.43510619943377016,0.06842126026888463,752,False,1.333397414178145
Beverages,STZ,FIZZ,0.2767727090827559,0.16164293391606133,0.05662928477165636,-0.11656481666525309,1.438586483131564,0.11719492922890687,752,False,1.3301681995284094
Beverages,MNST,FIZZ,0.26960937566069615,0.1551590745303073,0.05382463128687208,6.882063070111421,-0.7427897705183728,0.1001277448941205,752,False,1.3293716490631977
Communication,SNAP,PINS,0.44213949557023347,0.3103168312805213,0.1334819620988315,-1.3074904251898665,1.0504356357528544,0.20194636079384326,752,False,1.3090184106095846
Autos,TM,XPEV,0.21368777592200267,0.11163256857762022,0.03555071070765676,5.288234296561519,-0.0139755468985987,0.12429509387759621,752,False,1.286462037868783
Payments,MA,GPN,0.5178933456908004,0.38080389060128295,0.17568716573621518,8.024609024641457,-0.4010954071150614,0.11333756924232236,752,False,1.2665061862037348
Communication,DIS,CMCSA,0.27543548844491106,0.1815980195692669,0.06585101092253288,6.071299802151287,-0.4089862617247615,0.09962598686957493,752,False,1.224267488664502
Autos,TM,HMC,0.7332034487150607,0.551744709394495,0.30255787163709463,3.578965932412345,0.4886635024262773,0.11576261881865747,752,False,1.2200617228426296
Semiconductors,TXN,LRCX,0.5418065520533935,0.40511500029265946,0.19670382935871544,4.628431596926376,0.12707377629074124,0.09733160867127603,752,False,1.2188758979612435
Autos,F,NIO,0.18735617276000507,0.1048052990369378,0.032969680876140106,2.1977929381375434,0.14917158845478085,0.10390640831322613,752,False,1.1989224199572246
Autos,F,RIVN,0.2572177064049543,0.17301295436219016,0.06185797863275906,1.9873056209780713,0.17566477450314255,0.10623155078380897,752,False,1.1845186059810846
Autos,F,LCID,0.2523614923411196,0.17450697148497607,0.06254507670958141,2.4975403415865527,-0.01228029119977414,0.11411630456852735,752,False,1.1549888193600595
Retail,WMT,KR,0.267767326937572,0.19706948473826275,0.07328776944315528,-2.5541591833583297,1.707559712039143,0.12364036533867603,752,False,1.1110087627777654
HealthCare,PFE,LLY,0.1994364937614121,0.13526505436848052,0.04528560041990345,5.946234906360246,-0.39533682020442296,0.09403759774294886,752,False,1.107686671939319
Communication,NFLX,T,0.061425093148762336,0.0015697475062122301,0.00024962024042018575,-0.3574746009078993,1.5245116644715662,0.13101807740849938,752,False,1.0899491512922956
Autos,TM,NIO,0.16063003338262694,0.10519534699246663,0.03306087988809353,5.460644537152001,-0.12054638928051586,0.11828807422634113,752,False,1.0758367525120747
Communication,GOOGL,CMCSA,0.11146965788864213,0.0736607049813442,0.02141987986940736,11.642788774593178,-1.8151938366361993,0.15962965422243863,752,False,0.9997943261416455
Communication,T,VZ,0.7270542852169054,0.5800999124654835,0.33277318121975863,-3.980501910130588,1.8988549259345993,0.13893498761598205,752,False,0.9896015588346867
Energy,COP,EOG,0.8399554652780952,0.6568492220393762,0.4095603313656482,-0.44130654629692856,1.0635190206974166,0.07862103987025491,752,False,0.9722155225231705
Retail,LOW,ROST,0.4215182231501762,0.36094049820563123,0.16453765582719304,3.920137262696656,0.3100595341675234,0.0725165531210838,752,False,0.9349044813452981
Autos,RIVN,XPEV,0.2962779194109818,0.260678573946223,0.10588215080395058,2.106028047321961,0.21419238464612245,0.22696522052590434,752,False,0.9110247697651795
Communication,META,CMCSA,0.15729235989213458,0.14527006577218593,0.0519523004777227,11.940247320495146,-1.6077346295867585,0.23129882069295574,752,False,0.8588795845997177
Communication,NFLX,TMUS,0.07735974729756877,0.0769149394005894,0.022560343219937853,-4.452310973414249,1.6645915222768917,0.1542511506012849,752,False,0.8297997832078252
HealthCare,BMY,GILD,0.3857417147438734,0.3543028605359164,0.16001564227905885,3.6387995317894983,0.07133197829102578,0.12448783133807391,752,False,0.8106889735909091
Banks,WFC,USB,0.7069127975218521,0.5933032752057446,0.34527121992799736,-1.423762063121604,1.4742421731694622,0.12967646208618655,752,False,0.8093452065798787
Semiconductors,NVDA,TXN,0.3145876798654532,0.29685769507862936,0.12397981543748665,-11.550362749454457,3.108177565917096,0.43357635538286293,752,False,0.8083577473106254
Communication,GOOGL,SNAP,0.35657969968738906,0.3314668703474206,0.14642744007234537,6.573080699996941,-0.607018834073326,0.24004263326500486,752,False,0.8031666074936745
Autos,TSLA,LCID,0.3223504122641623,0.3053492884406941,0.13072019508516036,6.727137590595335,-0.3315146922299057,0.2507208862326638,752,False,0.7911696353687591
Retail,DLTR,HD,0.3070648420499038,0.29480070465914165,0.12482246981876971,12.899338662378035,-1.4040758208496298,0.20635481404319742,752,False,0.7781039004695199
Autos,HMC,XPEV,0.1834973475439629,0.1891474811364705,0.06940220679519793,3.6199596356699235,-0.07467763966233898,0.08902061360451684,752,False,0.768490744660271
Autos,F,XPEV,0.16574973495363035,0.17336537721046014,0.06203546783676984,2.5236932204588616,-0.02517391869498331,0.11393880984339154,752,False,0.7670505735153018
Energy,XOM,MPC,0.5908425329513911,0.5210032339301103,0.2808433229468086,2.5428308487982676,0.43135399810485886,0.0769314917408271,752,False,0.7535418190376291
Retail,DG,HD,0.18098965095877328,0.19084273539731034,0.07017395048141342,14.087254038795898,-1.5879867607641724,0.20702416239994106,752,False,0.7486561385946456
HealthCare,LLY,REGN,0.30571718281152244,0.2996757943023287,0.12708630662085074,6.081858879770579,0.08115487280434053,0.23737404778627677,752,False,0.7475536852819659
Energy,COP,PSX,0.6755477988092994,0.5868182278430369,0.33904791190582495,3.0848763262216288,0.3248592420038241,0.10246935077362881,752,False,0.7106955580338622
Communication,CMCSA,VZ,0.281737319830098,0.289652145608956,0.1218535636370291,6.331448230844138,-0.7501797012102935,0.11926785488377915,752,False,0.6908553037305691
Energy,COP,VLO,0.6182089297294358,0.5521954015002255,0.3075932538402053,3.8358753121129183,0.16598487333186807,0.10840913301752682,752,False,0.6781283420331048
Communication,NFLX,SNAP,0.17787055275840358,0.2038418450026474,0.07609345785288837,5.582762109429629,-0.5678701968345878,0.3443627661382492,752,False,0.6697658938326779
HealthCare,BMY,AMGN,0.4236452945678128,0.41114747170351074,0.19756454150638458,5.6493109858477695,-0.2970854907343137,0.12029263407962419,752,False,0.6585772824951379
Semiconductors,LRCX,KLAC,0.8969541161441016,0.7332888035117116,0.4990094590744421,-2.4602907193101764,1.0572497807436685,0.11985997017792477,752,False,0.6569416890510873
Communication,NFLX,CMCSA,0.10147081834764696,0.13957987143596523,0.04704235845751397,11.656785127676635,-2.0726347579532085,0.24940424882405426,752,False,0.641762796047784
Autos,RIVN,TM,0.14708068544790467,0.18231027925671534,0.06616705639550385,4.681179164774063,-0.3822934442738841,0.2356843079519625,752,False,0.6374747938779631
HealthCare,ABBV,AMGN,0.4331818523755325,0.4225550242293146,0.20550487354911895,-0.29488122762546,0.9670655115545141,0.10295327452959267,752,False,0.6353862473899284
Retail,HD,LOW,0.8673463295739032,0.7191166428407145,0.48217247863218904,0.7826499275135888,0.9328017478624986,0.054513600623162954,752,False,0.6297682136053206
Energy,CVX,HAL,0.680447566829616,0.6021684608004156,0.3541446836132934,4.456844707057789,0.17354507735349856,0.06862799006989477,752,False,0.6277968591343299
Beverages,PEP,KDP,0.5291790564034026,0.49754977435985065,0.2614630585028759,4.012531168294039,0.3079672925786632,0.09523247446807168,752,False,0.6209383647549536
Retail,KR,TJX,0.13372164938234624,0.17687416431685976,0.06364203523862375,0.7999837172461142,0.685431361483654,0.08252494139726863,752,False,0.6040074342861308
Airlines,AAL,LUV,0.6253410999410822,0.574154382967657,0.3275656281070376,1.4233952654261746,0.33283311458523634,0.15189141562864822,752,False,0.5658558776823238
Semiconductors,QCOM,LRCX,0.6092146860321338,0.5642452133378595,0.3179737731014568,4.378714893272221,0.1396349230731131,0.1584846562048868,752,False,0.5599162280736925
Communication,VZ,TMUS,0.438825977312247,0.43968239185819635,0.21806161339681535,1.8247536673286184,0.3573619616792465,0.06742405283592988,752,False,0.5588979789120321
Autos,TSLA,XPEV,0.22830247599591608,0.26939889461866096,0.11059215887148421,4.012002128154689,0.611314491968896,0.2132032165977869,752,False,0.5560930890290662
Energy,COP,MPC,0.6294974183652865,0.578680442492344,0.331553903264917,3.8713374939396914,0.15538994788986482,0.10948133097746869,752,False,0.5553769898624669
Communication,META,TMUS,0.04467458328443167,0.10379498623703964,0.0325850512803434,-0.9022360200698252,1.3572415184182232,0.15013309762456117,752,False,0.5553041682790805
HealthCare,LLY,GILD,0.14309671212539785,0.19593365702159588,0.07236702346682466,4.215307268940215,0.5310931059044055,0.20285914091208013,752,False,0.5515599499983482
Autos,TSLA,GM,0.2480130733118477,0.28788576536583294,0.12075436763288483,2.5255540348644807,0.8024431532688485,0.2114953103754806,752,False,0.5474432402321371
Payments,V,AXP,0.5096895293835374,0.49729206442838175,0.2614444377562774,3.1131329568526525,0.46550112826860257,0.06248478100804081,752,False,0.5333060454982188
Autos,RIVN,STLA,0.2198798764276217,0.2765938729466637,0.11453906896653954,2.5855070167681067,0.033225719565224576,0.2401146652303589,752,False,0.4796211209594602
Communication,META,T,-0.06001753953731592,0.018532492402136575,0.004187500942776796,2.534653106940368,1.2108326944949326,0.15028705485953264,752,False,0.46706013819800574
Energy,PSX,HAL,0.6332013511776774,0.5978229457524831,0.3497148500671678,4.1589812694293915,0.2039225113800498,0.13701183941395573,752,False,0.4434228091227631
HealthCare,AMGN,BIIB,0.48982173127209283,0.49743481013481866,0.26188282263010815,6.51110505249704,-0.1585544327526902,0.11411795360575874,752,False,0.4409872962554231
Airlines,AAL,RYAAY,0.42275002401151224,0.4477628981334655,0.2236900719591936,2.5165869217738255,0.014550271021378514,0.1607546416171178,752,False,0.4387062772587752
Airlines,LUV,JBLU,0.5309791605374856,0.529328434888679,0.28822260750913753,3.304300136371916,0.08844042386469564,0.15734289073462573,752,False,0.4273382837713915
Semiconductors,QCOM,KLAC,0.6100832162837135,0.5853843617981718,0.33751223457158486,3.5374674179914507,0.22267829535913553,0.14759283358319633,752,False,0.42347656978320647
Beverages,PEP,CELH,0.1805645953310741,0.2565631447091301,0.10205875803772207,4.733624980003641,0.08929087198175772,0.09509368801054831,752,False,0.4125949539102882
Beverages,STZ,TAP,0.4823943409679351,0.5047606959910013,0.267491307288354,-0.42412106881800327,1.4305546246269945,0.141442471141823,752,False,0.36270611364724037
Airlines,LUV,ALK,0.5830472611613287,0.5779359497261148,0.3315608983437315,2.139273543122049,0.34437174609245624,0.1437661109922274,752,False,0.3467755364071129
Autos,NIO,XPEV,0.6603395172814949,0.6331010602243641,0.38445690940512667,1.454860993926962,0.10664469433448431,0.3171167955153813,752,False,0.32489027625140804
Airlines,AAL,CPA,0.47835043757846835,0.5084892153978334,0.270670769527418,1.4675110150197952,0.23856911790787727,0.15772143879538994,752,False,0.32051398881944543
Autos,GM,HMC,0.3656708398186879,0.4254928451095471,0.20703029973317205,7.553583287029131,-1.0760255955491793,0.2659055851564741,752,False,0.3133082455732288
Communication,NFLX,VZ,0.016733159876226797,0.13097429694064394,0.043433832959596616,-5.990502995707985,2.7772243430936836,0.2624579166487117,752,False,0.29843673044993224
Beverages,KO,PEP,0.6164781896703884,0.6080890893559726,0.3598277796788022,6.393629841688764,-0.43524165503541745,0.08037150098821322,752,False,0.29703745328088055
Beverages,KO,STZ,0.34647953223626643,0.4131679127809166,0.19916076937318344,5.629952229856137,-0.2716598029326738,0.06612506336833235,752,False,0.2954606482752004
Retail,DG,KR,0.20117164182085798,0.2954142933699523,0.12484399049077938,7.397386936900148,-0.6522391938812007,0.2385458192193455,752,False,0.29475850965854733
Semiconductors,QCOM,MU,0.49443634392082164,0.5269619391108721,0.28548638108834246,4.5107585832919135,0.10555910592556117,0.1578495564861809,752,False,0.27894098109736987
HealthCare,BMY,REGN,0.2964594252505069,0.37829048955968275,0.1753800485395624,4.238343037894843,-0.041544855558744764,0.1253019797695611,752,False,0.26979919535168156
Communication,META,VZ,-0.08446000785144966,0.04001134315221856,0.010298858751326563,-2.806058415753135,2.439950181518334,0.2098347655444476,752,False,0.2620658422078812
Semiconductors,AVGO,KLAC,0.6255197431545464,0.6216498283837163,0.3729353348764607,-3.4676262601520733,1.3021661950712167,0.20758753615046452,752,False,0.2460327907169459
Semiconductors,QCOM,AMAT,0.5979206370517947,0.604544922386644,0.3557721609089082,3.604876420431701,0.2687017676957044,0.1503282810001199,752,False,0.2390093257088668
HealthCare,ABBV,GILD,0.34922086752089615,0.42568391080973544,0.20766617282775163,2.820452237180575,0.5246463414364726,0.09659000402197745,752,False,0.23565818169364408
Energy,CVX,COP,0.7772700821056806,0.7190286653138449,0.48286671935470526,3.412124627477482,0.35135650628819093,0.0671467259654122,752,False,0.21827377972142303
Autos,RIVN,HMC,0.1400114833659563,0.25786584642531507,0.10438010022257344,2.952898951370857,-0.08159372151497601,0.24031446228820957,752,False,0.21569873048954202
Retail,DG,LOW,0.18604880169954702,0.29731790945334535,0.12599752536605546,10.575044650890462,-1.0656057091143332,0.2429484133111221,752,False,0.21554295305035232
Communication,DIS,T,0.11390397253212532,0.2379181425912888,0.09392452712783306,3.73430257676889,0.28975793329739297,0.09241291555134733,752,False,0.20123369368070299
Energy,CVX,SLB,0.6285319675685301,0.6313251529350533,0.38327708145477235,4.295897531339005,0.19886590041087793,0.06994733041613653,752,False,0.19050609885523825
Retail,DLTR,LOW,0.31694377737770396,0.4156191744594286,0.2004540643159381,10.685364755472492,-1.1054810245859947,0.22908776975465595,752,False,0.14841145337599126
Banks,MS,PNC,0.6811369436937961,0.6759055566681615,0.4305293087757468,-1.7400458512820478,1.265183039613535,0.1188312554366831,752,False,0.1120525289022164
Semiconductors,AMAT,KLAC,0.8936255593232657,0.8001236618385916,0.5867995264508468,0.5550495087718446,0.7071940449239689,0.11394790906448612,752,False,0.10571791239387762
Communication,DIS,TMUS,0.0753596690113645,0.22524250486154768,0.08702294794313098,2.9918391235561685,0.30956018715212963,0.09471659903383989,752,False,0.09318901665749657
Airlines,ALK,RYAAY,0.4133991491825193,0.5020427622059034,0.26567174104445423,2.9903947007898743,0.21245115102398238,0.18892092706850827,752,False,0.06476921898644739
Beverages,PEP,FIZZ,0.3462870588889677,0.4551376835657548,0.22867931645532308,3.5950289573508627,0.3917484661962707,0.08309809208434785,752,False,0.04874138418140139
Airlines,UAL,LUV,0.5991995312016494,0.6357977105600908,0.3872467875376912,-1.2488134006568288,1.5734895422336876,0.27788743338122646,752,False,0.028091799044604432
Semiconductors,AMD,KLAC,0.6023906465714116,0.6389496686144159,0.3911290152538909,0.7417505807873184,0.6410387755735876,0.16721070540656868,752,False,0.018225153836442715
Communication,DIS,VZ,0.12421260144507618,0.285116854065231,0.11927496247045427,2.482744526963785,0.5767322698326982,0.09926530003883222,752,False,-0.0005770732729970529
Banks,JPM,C,0.7418727771283457,0.730737062848147,0.4960200761803688,1.9596967334347966,0.8120070815479155,0.07258139270150606,752,False,-0.028603379955192465
Semiconductors,AVGO,MU,0.5670231403468374,0.624532021459039,0.3746813395354183,1.5688923665309957,0.7546274454294304,0.3068642832872136,752,False,-0.035676455057905315
HealthCare,PFE,BMY,0.4804213871299053,0.5661539512005819,0.3201240624300492,1.103766663274273,0.5615034683697999,0.11278608047890391,752,False,-0.03939750435948647
Semiconductors,AMD,INTC,0.39115356444083466,0.5093221673092946,0.27145656754086844,3.371531628629736,0.47160343164307683,0.24133270350225045,752,False,-0.08131840876449145
Beverages,MNST,TAP,0.29906833267771643,0.4417031145356503,0.21922506796439045,6.599272868466343,-0.6286851045412867,0.11901668968471474,752,False,-0.08711822117368323
Semiconductors,NVDA,MU,0.5333844436751668,0.6100724842036478,0.36084193494873484,1.0490340714019535,0.7514938798713944,0.3693361283834252,752,False,-0.0908289770935169
HealthCare,LLY,BIIB,0.2820367608652586,0.4306238027376599,0.21130944699270515,9.343636386091891,-0.5189967531057995,0.19389853874316756,752,False,-0.09917818307965348
HealthCare,ABBV,BIIB,0.3500932922822351,0.4850776791253905,0.25198745712276927,7.302636782529092,-0.4013659427965237,0.11425159219987817,752,False,-0.11731981260784868
Beverages,MNST,STZ,0.32682290344757153,0.46775150003245125,0.23876615655396938,6.46638577845215,-0.4495241810178836,0.09910656606389508,752,False,-0.11790459687010285
Communication,DIS,SNAP,0.2803270212690189,0.43522823512958214,0.2145022214796789,4.747124919438615,-0.056917510712827024,0.11390849475430193,752,False,-0.13375698423065735
Semiconductors,AVGO,TXN,0.34946133797956913,0.48913919833793695,0.2548073282400898,-7.567097003367913,2.4458720052088285,0.4375888182846909,752,False,-0.1438523979184314
Airlines,DAL,CPA,0.49765568302444246,0.5937070563533716,0.34574227212206265,-0.6610676833697937,0.9861164946836372,0.17501255932405113,752,False,-0.14459960481270795
Banks,C,PNC,0.7066388756789453,0.7258345259446304,0.49016038515241755,-3.5893744697002674,1.5256481111915425,0.13500390976216212,752,False,-0.15144696633259802
Energy,CVX,EOG,0.7392180685682764,0.7452993282564313,0.5142068691620407,2.725101261461873,0.48452431854994416,0.06874002736879765,752,False,-0.15413691956568765
Autos,HMC,NIO,0.19096066231629638,0.36908257779919457,0.16971820673720944,3.3374941312351094,0.04866478693504517,0.0919134711744896,752,False,-0.1585639759383154
Airlines,ALK,JBLU,0.5237883224777209,0.6148003813053042,0.3660149604141639,3.280197430756896,0.31683213430427326,0.181827130454985,752,False,-0.16868202172078134
Payments,MA,PYPL,0.3824796497909789,0.5237851576742211,0.2828066466648684,5.275153423309597,0.21792039991399204,0.13343435946262072,752,False,-0.20963029651357679
Airlines,DAL,AAL,0.8097755806952152,0.7505438209670932,0.6289782391893421,3.0668072555320514,0.3280172591889714,0.21088315448584655,752,False,-0.25808505324010544
Energy,CVX,OXY,0.7262480788256184,0.7511202009594222,0.5219723059193848,4.426564967770574,0.15725377626324288,0.07372496866788862,752,False,-0.26019007334138566
Communication,T,TMUS,0.4457519681163989,0.5764162224298033,0.32974538776562823,-2.3934613070768034,1.0361785451267913,0.09040115605764172,752,False,-0.2655790417263517
HealthCare,MRK,BIIB,0.40590079523158007,0.5499563757950577,0.3055770649720567,2.3847066118983307,0.431129475822039,0.10256909264824152,752,False,-0.2719720457606978
Payments,PYPL,GPN,0.4493520845097624,0.5813896483138817,0.3341493109688417,3.009404992584649,0.253442269405622,0.15423403452430962,752,False,-0.2815640868966255
Semiconductors,NVDA,QCOM,0.4741405697586213,0.6058738145919967,0.3570901515137104,-6.47492909044249,2.215323225506201,0.40727667717109023,752,False,-0.3326214601576779
Energy,OXY,PSX,0.6001288904291617,0.692678712690854,0.44969534791300186,3.1723998648920286,0.16353649965355999,0.1589782697372412,752,False,-0.380447380668278
HealthCare,AMGN,REGN,0.3895443972991732,0.5556915760318141,0.31094127579428343,4.915268400294515,0.11489990097352809,0.11924271337238064,752,False,-0.38461182305261654
Airlines,DAL,JBLU,0.5088338490298459,0.6371592702062585,0.3875329920549613,3.85246717037957,0.03415444781248045,0.217267426708632,752,False,-0.3881472714225887
Beverages,PEP,TAP,0.41011360148755743,0.570706568582002,0.3240952321344708,3.2618167003763787,0.45167753544415135,0.0807016450693802,752,False,-0.38828848120170173
Communication,CMCSA,SNAP,0.15017086713742317,0.3795534107280082,0.17644153378274263,2.8796167403425414,0.29635643738702777,0.10933938965227237,752,False,-0.4029843738769493
Retail,DG,ROST,0.1793899632410347,0.40722948103372775,0.19458810408358207,6.102147990829245,-0.2708674941448148,0.25707371798242956,752,False,-0.42764652723182606
Communication,META,PINS,0.38253151736244007,0.5637681871276892,0.3170570740102787,5.545038651880727,0.1992595149688734,0.3215371206065588,752,False,-0.46533349007227914
HealthCare,BMY,BIIB,0.33499110144838673,0.5305992106708383,0.28878915545199757,3.186892587716173,0.14779001981179896,0.11930066769616667,752,False,-0.46956372992254275
Semiconductors,NVDA,LRCX,0.5949408111437032,0.706129771951939,0.46527633806933405,0.10224802367461905,0.9955674182975174,0.38225728173422524,752,False,-0.5045159674438107
Energy,OXY,VLO,0.5786847667150214,0.7137816367362395,0.47502335000304485,3.958631275367061,0.001598029576454607,0.16070603128996538,752,False,-0.6386870070587499
Energy,OXY,MPC,0.578957406568488,0.7157765381037898,0.4775033182555702,4.141162481459819,-0.03428710885937125,0.1606011844494206,752,False,-0.6529517952706446
Retail,COST,LOW,0.26429877095061377,0.5089301652113222,0.2710425527880377,-2.049853990558269,1.601306971285556,0.17470437536279534,752,False,-0.654991520520573
Airlines,DAL,RYAAY,0.44482631498328223,0.6349914008045001,0.387110386097363,0.909288156225216,0.7657724185422552,0.16726684505103356,752,False,-0.6702224854303018
Retail,HD,TJX,0.4664283962142035,0.6546631502432531,0.4075493470311159,4.488637020566642,0.2926605755140077,0.08028737540277572,752,False,-0.7107003679721361
Semiconductors,AVGO,LRCX,0.6238388523691542,0.7504370694309976,0.5200769148885032,0.5189343445668158,1.021521034191256,0.3113196613357104,752,False,-0.7165447025143525
Beverages,KDP,CELH,0.18044041257591598,0.4608510533140184,0.23338853023332,3.6654088568665566,-0.05558670283478087,0.08961416682991108,752,False,-0.7408234302590277
Autos,TSLA,RIVN,0.3685375490457206,0.5968943367652747,0.34863725877936425,4.813067873116396,0.3063347570912751,0.3021798759694885,752,False,-0.7523307989124493
Communication,DIS,PINS,0.2604969058052778,0.5225469271628402,0.2821327970491251,4.136378680416448,0.14094132806031423,0.11115554857968693,752,False,-0.757395685312478
HealthCare,REGN,BIIB,0.4169830580269583,0.6383005654033185,0.38976128077614436,3.980837146758713,0.5092391784126278,0.1602629624189506,752,False,-0.8172800096974839
Communication,VZ,SNAP,-0.004653615326174122,0.32951520375100424,0.14507631586740383,4.04740638338002,-0.15188528029167614,0.09034598869699766,752,False,-0.8270115483691941
Energy,XOM,PSX,0.6365976123715998,0.7883471570312038,0.5706052944072609,2.3232657904603045,0.4974529002378949,0.07843767395105963,752,False,-0.9652470382240053
Autos,TSLA,F,0.26794188224724275,0.5672464911616335,0.3210353952242192,5.2741414829128495,0.14569442627677098,0.31058027415522893,752,False,-1.011863657364372
Autos,TSLA,NIO,0.25569060230549834,0.5595762105666666,0.3141954776577273,5.8382377512643515,-0.1186356505135655,0.30870728656450547,752,False,-1.0174825225723656
Retail,DG,TJX,0.1389258973780791,0.482859255771533,0.24989765393263624,7.2423688078341115,-0.5244710150244138,0.2378957968776661,752,False,-1.0620446913995303
Semiconductors,NVDA,AMD,0.5656385730142007,0.7618596487745807,0.5346293456233331,-1.4248892672850886,1.2133240210987104,0.4296497477546257,752,False,-1.071043378969684
Retail,COST,TJX,0.40051730575918615,0.6678462959020351,0.42002423196414257,2.0815990178276564,0.9731462364336689,0.10554331670847165,752,False,-1.0987950699778724
HealthCare,LLY,BMY,0.1986572279390031,0.5425816558978751,0.2994134724291212,9.502609295580019,-0.7271420705329685,0.2197605482715585,752,False,-1.1670765790893483
Semiconductors,AMD,TXN,0.4100287319726403,0.6921777024828524,0.44971988735888274,-0.6861532777405728,1.0907149592980794,0.2589529444703552,752,False,-1.242711410916388
Semiconductors,NVDA,KLAC,0.611129243468388,0.8087774977718698,0.5987928078099347,-4.249878988762497,1.3394792794599644,0.26667328111873945,752,False,-1.2496500956594812
Communication,NFLX,PINS,0.21452140288826507,0.5686292140181273,0.32100221239174737,3.8146099387268633,0.1390178505918871,0.3837513651305203,752,False,-1.2591533032427111
Banks,C,WFC,0.7236468652039154,0.8696770676371448,0.694213845978265,-0.598516213505512,1.1667350480393068,0.09881701694913947,752,False,-1.281530844557858
Semiconductors,NVDA,AMAT,0.5903154814264948,0.8034937161014617,0.5909867574950238,-2.73503744499407,1.4048156731161399,0.3878866358177379,752,False,-1.2987814361620753
Retail,DLTR,ROST,0.3192391695534301,0.6459995305562825,0.39427096553755564,5.832722724072205,-0.23822912563993182,0.2464954462570951,752,False,-1.303340879638339
Airlines,ALK,CPA,0.46873301300073694,0.7356144501406259,0.5021807765873656,2.0397698827767243,0.3846490128320461,0.1861327678316928,752,False,-1.3080690573410474
Retail,TGT,HD,0.4207248739211472,0.7102551052685113,0.4704409832373439,5.815699963655504,-0.16988071657196713,0.19126644229392126,752,False,-1.32838569317593
Retail,TGT,KR,0.08198279738129849,0.48621704361333035,0.2527421732898103,7.420968007548751,-0.643176020018954,0.16052754602226038,752,False,-1.3421892227181913
Semiconductors,AVGO,AMAT,0.5999212863223894,0.8172770047971794,0.6109034710152547,-1.6791771712770434,1.3054712219739253,0.3614182305860535,752,False,-1.372113404264499
Energy,SLB,PSX,0.5985319996810708,0.8193388821411821,0.6141483747715665,2.922274491739742,0.17943133342146123,0.17090284924447707,752,False,-1.3968678804908299
Payments,V,PYPL,0.3681583262152233,0.6894933555509818,0.446082238659717,4.9357665059169165,0.17873262998085515,0.14198859994295682,752,False,-1.4110532676891703
Retail,TGT,TJX,0.24091387179221954,0.6099285504464582,0.3614019868094521,7.224544639186682,-0.5079899851366534,0.16084106492918093,752,False,-1.4213895191267223
Airlines,UAL,AAL,0.800650281170244,0.9193925322559959,0.7865182038131755,3.3186354036163603,0.33816917639739286,0.36926077451401434,752,False,-1.4261239975561018
HealthCare,MRK,ABBV,0.3985457450770391,0.7142170232655902,0.4755651871877188,6.152004882550685,-0.28978100376628113,0.14699176343061693,752,False,-1.4606692611800822
Autos,LCID,HMC,0.18897768540254797,0.5821011490142469,0.3350131799436046,-3.662529831687797,2.0355162844868664,0.5217643960834918,752,False,-1.4702264729263606
Airlines,UAL,CPA,0.5246083266512573,0.7921787901321508,0.5753521325763461,-3.4342788523274947,1.6442007767140971,0.3051151013065203,752,False,-1.5038740181743886
Retail,TGT,LOW,0.3820269325900547,0.7140864457624965,0.47489931378998695,4.426075215580681,0.07171341180586133,0.1919170844073535,752,False,-1.5329346583561452
Airlines,UAL,ALK,0.730374473950592,0.9001609316760901,0.7492495206756068,-1.2997284916989873,1.435636432286349,0.25038094090743573,752,False,-1.5486402562382124
Autos,TSLA,TM,0.2632898596677039,0.645044152504741,0.39711907345094566,4.306245992644598,0.25248787359656877,0.3094364544628444,752,False,-1.5644729833362936
Airlines,DAL,ALK,0.7419476410449675,0.9108218981886098,0.7704021852382725,1.1527667402661272,0.7214516268060835,0.16704429177830676,752,False,-1.606911042981527
HealthCare,ABBV,REGN,0.36087017757782436,0.7122791079753837,0.4733544361325187,6.525905489072386,-0.199695447591985,0.1506162379771646,752,False,-1.6175189156488956
Energy,MPC,HAL,0.5783617170743784,0.8353839472690707,0.6393985386632587,4.762132488580827,0.09631288447406394,0.16825231198112028,752,False,-1.6320286648638591
HealthCare,MRK,GILD,0.3208754864607502,0.6906908639811205,0.44759902791672906,6.124955155775567,-0.3264465984182534,0.13344884844659125,752,False,-1.6353245377328343
Retail,DLTR,KR,0.12185254945770341,0.5698484639580411,0.322283488437154,7.3061454588403265,-0.6562264557129556,0.22567766551654475,752,False,-1.6889079956985311
Beverages,CELH,FIZZ,0.1908881478679885,0.617175653259859,0.36828477539002424,2.080689694537142,0.46325879258180436,0.31382099563922927,752,False,-1.6975013121181994
Retail,HD,ROST,0.45167158254618023,0.780283899094839,0.5595030647111853,4.548620572457658,0.26721742102541235,0.08899910660858934,752,False,-1.7391083626819683
Energy,SLB,VLO,0.5052702210670229,0.8101777153307956,0.600841825173119,3.340929282013665,0.09090603069234238,0.17203099835694435,752,False,-1.7426750823463997
Beverages,KO,MNST,0.42462941616102595,0.7682602895529119,0.5433941531370471,2.652057030565402,0.3760962382843278,0.07352857788399882,752,False,-1.7644320287601611
HealthCare,MRK,AMGN,0.4018502386533959,0.7564814694923868,0.5278708713458502,3.67357363015509,0.1711870821351349,0.152398189945498,752,False,-1.773283491943643
Payments,AXP,PYPL,0.4443683167675115,0.7860758214542019,0.5666412169764488,4.511108614682303,0.24118274308527266,0.27814645607663546,752,False,-1.817089007914869
Semiconductors,NVDA,INTC,0.27994094542067177,0.6958836897578927,0.4469106044133496,5.588831096954128,-0.27796979340278005,0.5444090746518812,752,False,-1.8363685950836879
Retail,COST,HD,0.3542909505887847,0.7390040899547544,0.5071163677820272,-3.5341309378394,1.740616562525168,0.1446645878419448,752,False,-1.857024485297258
Energy,SLB,MPC,0.5145536875437884,0.8295918271875322,0.629667837033699,3.9815152355963406,-0.036896814529805866,0.17272434923545957,752,False,-1.8680025336670052
Autos,LCID,STLA,0.19024083213464335,0.641769282901802,0.3942030818207967,0.6403623155968994,1.0033721760015064,0.409811939331674,752,False,-1.8750705104630454
Communication,T,SNAP,-0.020718018097669735,0.49878450984758405,0.26255508255643395,4.131910653890801,-0.4758388480099587,0.188674893477253,752,False,-1.8859561032005003
Energy,XOM,OXY,0.7366429329888438,0.9378821541811285,0.8272544968648805,4.671460229670327,0.017044618572221282,0.10609642907323871,752,False,-1.923622693165992
Retail,TGT,DLTR,0.3755284452956016,0.7606039829881741,0.5329847695252742,4.338012848679894,0.10313751589699094,0.19028807960839544,752,False,-1.9248960464315936
Airlines,UAL,JBLU,0.5272520984734136,0.8445303519831163,0.6525007901713871,4.584640910912794,-0.23088793237262095,0.37030394535430594,752,False,-1.9415069578076887
Retail,DLTR,TJX,0.24927217977574592,0.6964218529601329,0.4524368579777443,6.926460763924148,-0.4804609829550692,0.22944887602323796,752,False,-1.9971394839982022
Autos,STLA,XPEV,0.19128306533784997,0.6639037209081325,0.417690103667138,4.440813431963795,-0.6742951176180019,0.2774224644154996,752,False,-2.028069028448227
Retail,COST,DLTR,0.13586797334663517,0.6313255920901103,0.38198495274594324,9.28758113639416,-0.558079286682712,0.17905555459136824,752,False,-2.0437016298127864
Energy,XOM,COP,0.7809688576285795,0.9690617090851724,0.9057921591819555,3.352951450788403,0.297290344389042,0.10071390294960256,752,False,-2.1055456426269945
Airlines,UAL,RYAAY,0.4145075053177779,0.804437691150641,0.5926854533971239,-0.6081698568509708,1.2238037939257733,0.3001358278152397,752,False,-2.1068949857936823
Communication,CMCSA,TMUS,0.2632360214868733,0.7251439192630751,0.49018942754645023,5.622110418386473,-0.39368171252201156,0.11424860484521261,752,False,-2.1641595952595734
Retail,TGT,ROST,0.31425621694483946,0.7559753446794306,0.5273358799235347,5.892877479378434,-0.21657856891934912,0.18826513208306045,752,False,-2.167733058923897
Energy,XOM,HAL,0.6773164526285648,0.9387804905886056,0.8291876385372443,4.318419243588751,0.12300592258964382,0.1028523335445341,752,False,-2.2030931031910352
Energy,XOM,EOG,0.7576713721017124,0.9718592996359906,0.9138101462061419,2.304936575697667,0.5072182313385802,0.09892323759307714,752,False,-2.249254891619854
Payments,MA,FIS,0.45261573643173014,0.8409340782032584,0.6472475407957293,4.636335163327843,0.36833488610586684,0.12178432176070363,752,False,-2.2499494966710794
Communication,GOOGL,PINS,0.2781733361925173,0.7544599924646502,0.5159152678462479,6.773502820516784,-0.46383292526042075,0.2854498199518759,752,False,-2.2861118417989603
Semiconductors,AVGO,QCOM,0.500112215051596,0.8690096050811438,0.6929080589742037,-2.7989355565811174,1.5888648914648469,0.4385377122724582,752,False,-2.290452737883749
HealthCare,MRK,LLY,0.3208814726312519,0.7760824328634806,0.5534614495184687,4.730577040842302,-0.01279731015630503,0.15378440886057895,752,False,-2.2978964210050767
HealthCare,ABBV,BMY,0.36345097638510926,0.7997317123245176,0.5861732535816164,6.3574493929744555,-0.29274179623310603,0.15194889310871665,752,False,-2.2999881737814225
HealthCare,MRK,BMY,0.3804163894037282,0.8101634161498337,0.6006426442651234,4.056516575203796,0.14874320345249936,0.15267570463624297,752,False,-2.3092876081573985
Retail,TJX,ROST,0.6349097316223774,0.9349679581187899,0.8204189675023468,-0.3348861793683966,1.0217960901196053,0.10393462836370264,752,False,-2.351884275561854
Beverages,KO,KDP,0.524012972173192,0.8875905656829393,0.7255999266933822,4.626755341312126,-0.12811570754421808,0.09050179342829565,752,False,-2.360259837248801
Retail,KR,LOW,0.019340412061031535,0.6128576490963468,0.3642851331860536,-1.0947975240073333,0.9419256722626033,0.139922482022742,752,False,-2.4483502147029257
Energy,XOM,SLB,0.6232576511784337,0.9401197268218747,0.8323034301042448,4.358995274565846,0.10018674576248632,0.10470964841895627,752,False,-2.46430226082051
Retail,WMT,COST,0.5602641867674024,0.9152824669314256,0.7782330493219933,-3.695742075506928,1.2033156968654808,0.1376815778464602,752,False,-2.475296155698965
HealthCare,GILD,REGN,0.3166392436500141,0.7956915335134083,0.580825441118335,9.154777603441481,-0.6951402400585405,0.18338241224509746,752,False,-2.480160135502605
Retail,TGT,DG,0.2632952987607901,0.7801482859383047,0.5588552216383208,4.015139346323464,0.1686781540577978,0.1868964953641272,752,False,-2.5923838217495696
Semiconductors,AMD,AVGO,0.4853435214228072,0.8936325302221708,0.7370415018787462,3.1284051337268544,0.36078593989432006,0.2169907744599033,752,False,-2.596875696826995
Retail,WMT,ROST,0.30709802457204016,0.8120566626018682,0.6035358988841302,-2.565449389026824,1.394391509639762,0.1851046078442649,752,False,-2.6590916187169307
Retail,TGT,COST,0.19157851651894298,0.7541384756179305,0.5250704228027854,6.787356690863547,-0.29432166054391473,0.1800306273551283,752,False,-2.710999479871089
Communication,VZ,PINS,-0.04273123132822177,0.6161397325418821,0.3677193208357534,3.889569426971054,-0.05512548864495104,0.10068573140784842,752,False,-2.7536362054625547
Retail,KR,ROST,0.03689739027834728,0.6731343404907166,0.42755437644440675,1.1960098723461954,0.5743718000253688,0.1295528422183222,752,False,-2.7956620081625063
Retail,COST,ROST,0.3082512540428826,0.8286335330587983,0.6279154232877974,2.0545107219530436,0.9341729486142416,0.15782642140231454,752,False,-2.796055044253162
Communication,TMUS,SNAP,-0.04640278663539613,0.624581404137116,0.37548953809306584,5.846160612430403,-0.2610827964696645,0.19654993102330512,752,False,-2.826268055337468
Communication,GOOGL,VZ,-0.04557133437928978,0.6313465783322362,0.38337573950836,-1.537952971240209,1.8177472577391374,0.23968593968649948,752,False,-2.8732087623106546
HealthCare,GILD,AMGN,0.4191410766263339,0.8915586746112868,0.7323858960705625,-1.2025290386315106,1.0094995399154563,0.19953813172419815,752,False,-2.874232727752031
HealthCare,GILD,BIIB,0.35429297882007865,0.8643046217972208,0.6848889964390285,7.476197340944534,-0.5615672484011842,0.18057316448766814,752,False,-2.9088317944034294
Energy,VLO,HAL,0.5715120421456965,0.9585264734393153,0.8775431882226457,4.263906824902509,0.20944352434134128,0.17796378267306953,752,False,-2.9217694075971448
Beverages,KO,CELH,0.15826936845513634,0.7619883478190934,0.5355873356015415,4.6193293379725056,-0.11349548753937794,0.08370042600227635,752,False,-2.926059926523263
HealthCare,JNJ,GILD,0.3689361309681992,0.8894874951048006,0.7291176120348292,3.036118829561673,0.46078885607409426,0.08896546692456526,752,False,-3.083821079634299
Payments,FIS,GPN,0.4066546128882602,0.9169376549072936,0.7815677188281029,3.720523533935129,0.1051100101624467,0.17516700059270807,752,False,-3.1907276662969335
Retail,KR,HD,0.022587428827633267,0.7203171131055562,0.4838626128474259,-1.5466112000349916,0.9521687188308983,0.1330023113648576,752,False,-3.2190571069606086
Payments,V,FIS,0.40682572035225956,0.921387184699906,0.7912649800720533,4.29101453174726,0.33084394787776583,0.13264482221719703,752,False,-3.239300864747552
Semiconductors,INTC,LRCX,0.4575011712973884,0.9440600386512417,0.8412006775141445,1.5918916750835628,0.405654646135162,0.27896357742707073,752,False,-3.2623421449466963
Beverages,TAP,CELH,0.15054588730889998,0.8006850098088901,0.5887520516449147,3.814206864543436,0.052668944361275505,0.12699247434163077,752,False,-3.279832104708206
Semiconductors,AMD,QCOM,0.5060382805268697,0.9667452204980572,0.8995857947054406,0.9261631496757001,0.8110495949717138,0.2506476898882547,752,False,-3.325100580160364
Semiconductors,INTC,AMAT,0.446524489105233,0.9502352132837663,0.8560184301002164,0.6819060005320772,0.5254865615422553,0.2873316406739691,752,False,-3.385533968184293
Retail,WMT,LOW,0.28883996184385846,0.8879873281345693,0.7269917540411099,-7.168695821412868,2.1112033972743713,0.2388600528023807,752,False,-3.4352140409480696
Semiconductors,INTC,MU,0.42373675420963247,0.9488299651124044,0.8526489596735192,2.1740556115022684,0.26502743279356,0.28845482746933443,752,False,-3.472413065106913
Communication,CMCSA,PINS,0.1291526923222922,0.8179282010555984,0.6124411127919013,2.9308872680501628,0.18276384616549368,0.1358951368589731,752,False,-3.5190454059254273
HealthCare,JNJ,ABBV,0.409153121912719,0.9490798674120324,0.8530808133507067,2.1686698140445273,0.5685822916666332,0.10802714179438291,752,False,-3.5410565596894004
HealthCare,JNJ,AMGN,0.37552792671202384,0.9438262640703001,0.8413144065322302,1.3279439964269244,0.6683626835322318,0.11384145984505478,752,False,-3.634465789939007
Autos,GM,RIVN,0.25724985633070635,0.9073486569462172,0.7629349821224762,4.374253890724132,-0.18808624244798255,0.2805747538277655,752,False,-3.7713386326175335
Retail,COST,DG,0.068740641336005,0.8153899527014223,0.608593517980724,9.229108232855815,-0.5331914228832343,0.17916372645459805,752,False,-3.7713921795844136
Semiconductors,INTC,KLAC,0.45056407592890524,0.9831458330762491,0.9492954111640969,1.9035413787242739,0.2313909536748393,0.3116740443747762,752,False,-3.808611398843535
Payments,AXP,FIS,0.41493627934705585,0.9732370588248571,0.9181058707264614,2.9685643809637696,0.6064589178590469,0.2597141085055203,752,False,-3.826594075824996
Autos,GM,TM,0.3781408372589385,0.9617629101176706,0.8854647169342872,-1.7213302255770948,1.0650337888019452,0.251421563679953,752,False,-3.8394701521561365
Beverages,STZ,CELH,0.251907514364656,0.9189432864799152,0.7857166026374391,4.653748257709022,0.17414271294835648,0.22467859529153827,752,False,-3.915394137885608
Autos,LCID,TM,0.17213011354449775,0.8856159622014872,0.7226076118209849,17.288771910987037,-2.663329468513501,0.4454958545046085,752,False,-3.94205097979418
Beverages,MNST,CELH,0.37083967473197516,0.971271984147786,0.9123064751530383,3.8780375087975623,0.05126257843406501,0.14276544345331718,752,False,-3.9998071463365363
HealthCare,JNJ,BMY,0.41239059394387134,0.9845835638598452,0.9542289183146151,4.077750592929531,0.2640548352379959,0.1359084432861228,752,False,-4.004409992675512
Semiconductors,INTC,QCOM,0.4155615475055801,0.9879569724234081,0.966407605055319,5.502793612525661,-0.4117772355762068,0.31514455284329423,752,False,-4.04452938509473
HealthCare,JNJ,PFE,0.3868329157921744,0.9820703808444279,0.9456054756361923,5.61279567948759,-0.14687318647787073,0.1385258690447807,752,False,-4.081520752643521
Autos,GM,NIO,0.16119570472554634,0.8960590756695621,0.7414003560592839,4.536151942217482,-0.3826095779636616,0.2565489459196635,752,False,-4.093501539907517
Communication,GOOGL,META,0.41599762400607787,0.9935059391251205,0.9893326679023948,0.8982902353431257,0.6894534651190547,0.20345600816478132,752,False,-4.142497820150874
Semiconductors,INTC,TXN,0.4084372562567153,0.9926810362038201,0.9852132305844881,5.203711789522984,-0.3391082631912701,0.3204950401088063,752,False,-4.159473100987289
Autos,LCID,XPEV,0.28523258257993483,0.9524756985458961,0.867296116476908,4.741941009622829,-0.5429150474071354,0.5174893345976664,752,False,-4.166007808940357
HealthCare,JNJ,MRK,0.38868812044119505,0.9890661704169611,0.9703897935959853,4.869873787020385,0.05468607743120213,0.1396437285833728,752,False,-4.184499538743134
Communication,TMUS,PINS,-0.055396180181244,0.8059338399951855,0.5944738199167947,4.914866749054109,0.09859340525910776,0.210793713853228,752,False,-4.253627954152464
Retail,WMT,HD,0.3452534342874986,0.9859476437850231,0.9590455570215274,-6.438059449610563,1.8374428345961284,0.24385749896764272,752,False,-4.331164610439679
Autos,LCID,NIO,0.3340603192583136,0.9866648837595804,0.9618521063457941,1.732423036377611,0.9039949443169708,0.4741172124499634,752,False,-4.394392631402318
Retail,WMT,TGT,0.25736054499217026,0.9638318508101122,0.8921652205475837,8.612934051254683,-0.8833112293795287,0.25453947414097666,752,False,-4.419043082120822
Autos,GM,XPEV,0.17441853408162739,0.9307410295562902,0.8283243794613793,3.106562597374541,0.2885849700639689,0.2633228997994014,752,False,-4.458281403621269
Communication,GOOGL,DIS,0.18379775639542975,0.9410006159353266,0.8349489063262666,-0.9637637283658691,1.3327726315866801,0.2604500819548153,752,False,-4.473660389901177
Semiconductors,INTC,AVGO,0.3093518542083056,0.9916592165512592,0.9807412760584141,3.5457201579660627,-0.020832568395589668,0.3224727080097091,752,False,-4.5904485831652355
HealthCare,JNJ,BIIB,0.2851805082869714,0.9871544099036931,0.963272110441702,5.425760033987416,-0.05754866363929878,0.13905763125415466,752,False,-4.623196179145522
HealthCare,JNJ,LLY,0.17650721681692672,0.9520719629841764,0.8603641035448399,3.4125380555617895,0.2584541568752039,0.12564991087868393,752,False,-4.634146404285078
Retail,WMT,DLTR,0.2226953798484811,0.9702148623522429,0.9093543803843869,6.92672010587647,-0.5525271019141338,0.2729166575272639,752,False,-4.65898854257105
HealthCare,JNJ,REGN,0.23246539229364205,0.9839755644195456,0.9520787063313613,5.833887371827373,-0.1067334218810636,0.1380931134459817,752,False,-4.812365719965253
Communication,GOOGL,NFLX,0.2520081361173085,0.990919272757258,0.9778827380051496,2.8613378283793693,0.5429839183446026,0.21846767629649172,752,False,-4.838408263238916
Autos,STLA,NIO,0.21326801596549147,0.97999616119538,0.9388124038504949,2.01343445866203,0.36855459924320466,0.3542377070226371,752,False,-4.839179577750285
Communication,T,PINS,-0.060850921988103004,0.875378110273259,0.7034562210411587,3.576204154453368,-0.15476588643823241,0.2350658145413035,752,False,-4.898431688843527
Retail,WMT,DG,0.16491556805777335,0.9794580594093216,0.9371007501704259,6.876444375625412,-0.5294876211384629,0.2727743322986245,752,False,-5.0510260995583804
Communication,GOOGL,T,-0.09362775653037791,0.9335443049487947,0.8178602209407428,2.4287037236663878,0.9060453653541609,0.2124652613646271,752,False,-5.648678312461774
Communication,GOOGL,TMUS,-0.03359642798405845,0.9912479720420649,0.9791120706515201,1.2504115180517381,0.7502480599197954,0.2571892626768074,752,False,-6.141730879303338
